A lead sync source is already enabled for this Facebook Lead Form!,Eine Lead-Sync-Quelle ist bereits für dieses Facebook Lead Formular aktiviert!,
API Key is required,API-Schlüssel ist erforderlich,
Access Token,Zugriffstoken,
Access key,Zugriffsschlüssel,
Access key for Exchangerate Host. Required for fetching exchange rates.,Zugriffsschlüssel für Exchangerate Host. Erforderlich zum Abrufen von Wechselkursen.,
Access token is required,Zugriffstoken ist erforderlich,
Account name is required,Kontoname ist erforderlich,
Actions,Aktionen,
Activity,Aktivität,
Actual,Tatsächlich,
Add,Hinzufügen,
Add Email...,E-Mail eingeben...,
Add First Name...,Vorname eingeben...,
Add Industry...,Branche auswählen...,
Add Job Title...,Stellenbezeichnung eingeben...,
Add Last Name...,Nachname eingeben...,
Add Lead or Deal,Lead oder Deal hinzufügen,
Add Mobile No...,Mobilnummer eingeben...,
Add Organization...,Firma eingeben...,
Add Salutation...,Anrede eingeben...,
Add Source...,Quelle auswählen...,
Add Territory...,Gebiet auswählen...,
Add Website...,Website eingeben...,
Add a name for your source,Geben Sie einen Namen für Ihre Quelle ein,
Add condition group,Bedingungsgruppe hinzufügen,
Add description,Beschreibung eingeben,
Add description...,Beschreibung eingeben...,
Add existing system users to this CRM. Assign them a role to grant access with their current credentials.,"Fügen Sie bestehende Systembenutzer zu diesem CRM hinzu. Weisen Sie ihnen eine Rolle zu, um Zugriff mit ihren aktuellen Anmeldedaten zu gewähren.",
"Add, edit, and manage email templates for various CRM communications","E-Mail-Vorlagen für verschiedene CRM-Kommunikation hinzufügen, bearbeiten und verwalten",
"Add, edit, and manage sources for automatic lead syncing to your CRM","Quellen für automatische Lead-Synchronisierung hinzufügen, bearbeiten und verwalten",
Admin,Administrator,
All day,Ganztägig,
Alle,Alle,
Amount after discount,Betrag nach Rabatt,
An error occurred,Ein Fehler ist aufgetreten,
An error occurred while updating the document,Beim Aktualisieren des Dokuments ist ein Fehler aufgetreten,
Angebote,Angebote,
Any failed lead syncs will show up here,Fehlgeschlagene Lead-Synchronisierungen werden hier angezeigt,
Apply,Anwenden,
Apply on,Anwenden auf,
Are you sure you want to delete {0} linked item(s)?,"Sind Sie sicher, dass Sie {0} verknüpfte(s) Element(e) löschen möchten?",
Are you sure you want to discard unsaved changes to this event?,"Sind Sie sicher, dass Sie die ungespeicherten Änderungen an diesem Termin verwerfen möchten?",
Are you sure you want to set the currency as {0}? This cannot be changed later.,"Sind Sie sicher, dass Sie die Währung auf {0} setzen möchten? Dies kann später nicht geändert werden.",
Are you sure you want to unlink {0} linked item(s)?,"Sind Sie sicher, dass Sie {0} verknüpfte(s) Element(e) lösen möchten?",
Ascending,Aufsteigend,
"Ask your manager to set up the Exchange Rate Provider, as default provider does not support currency conversion for {0} to {1}.","Bitten Sie Ihren Manager, den Wechselkursanbieter einzurichten, da der Standardanbieter keine Währungsumrechnung von {0} nach {1} unterstützt.",
Assign To,Zuweisen an,
Assign condition is required,Zuweisungsbedingung ist erforderlich,
Assign conditions are invalid,Zuweisungsbedingungen sind ungültig,
Assigned To,Zugewiesen an,
Assigned to,Zugewiesen an,
Assignee Rules,Zuweisungsregeln,
Assignment Schedule,Zuweisungsplan,
Assignment cleared successfully,Zuweisung erfolgreich gelöscht,
Assignment condition,Zuweisungsbedingung,
Assignment days are required,Zuweisungstage sind erforderlich,
Assignment rule created,Zuweisungsregel erstellt,
Assignment rule deleted,Zuweisungsregel gelöscht,
Assignment rule duplicated,Zuweisungsregel dupliziert,
Assignment rule updated,Zuweisungsregel aktualisiert,
Assignment rule {0} updated,Zuweisungsregel {0} aktualisiert,
Assignment rules automatically assign lead/deal to the right sales user based on predefined conditions,Zuweisungsregeln weisen Leads/Deals automatisch dem richtigen Vertriebsmitarbeiter basierend auf vordefinierten Bedingungen zu,
Attach File,Datei anhängen,
Attach a file,Datei anhängen,
Attachments,Anhänge,
Auto Update Expected Deal Value,Erwarteten Deal-Wert automatisch aktualisieren,
Auto update expected deal value,Erwarteten Deal-Wert automatisch aktualisieren,
Auto update of expected deal value disabled,Automatische Aktualisierung des erwarteten Deal-Werts deaktiviert,
Auto update of expected deal value enabled,Automatische Aktualisierung des erwarteten Deal-Werts aktiviert,
"Automatically update ""Expected Deal Value"" based on the total value of associated products in a deal","Den ""Erwarteten Deal-Wert"" automatisch basierend auf dem Gesamtwert der zugehoerigen Produkte in einem Deal aktualisieren",
Average deal value of non won/lost deals,Durchschnittlicher Deal-Wert der laufenden Deals,
Average deal value of ongoing & won deals,Durchschnittlicher Deal-Wert der laufenden und gewonnenen Deals,
Average deal value of won deals,Durchschnittlicher Deal-Wert der gewonnenen Deals,
Average time taken from deal creation to deal closure,Durchschnittliche Zeit von Deal-Erstellung bis Deal-Abschluss,
Average time taken from lead creation to deal closure,Durchschnittliche Zeit von Lead-Erstellung bis Deal-Abschluss,
Avg deal value,Durchschn. Deal-Wert,
Avg ongoing deal value,Durchschn. laufender Deal-Wert,
Avg time to close a deal,Durchschn. Zeit bis Deal-Abschluss,
Avg time to close a lead,Durchschn. Zeit bis Lead-Abschluss,
Avg won deal value,Durchschn. gewonnener Deal-Wert,
Avg. deal value,Durchschn. Deal-Wert,
Avg. ongoing deal value,Durchschn. laufender Deal-Wert,
Avg. time to close a deal,Durchschn. Zeit bis Deal-Abschluss,
Avg. time to close a lead,Durchschn. Zeit bis Lead-Abschluss,
Avg. won deal value,Durchschn. gewonnener Deal-Wert,
Axis chart,Achsendiagramm,
BCC,BCC,
Back,Zurück,
Background Sync Frequency,Hintergrund-Sync-Frequenz,
Backlog,Rueckstand,
Board View,Board-Ansicht,
Brand logo,Markenlogo,
Browse,Durchsuchen,
CC,CC,
CRM Deal Status,CRM-Deal-Status,
CRM Dropdown Item,CRM-Dropdown-Element,
CRM Exotel Settings,CRM-Exotel-Einstellungen,
CRM Fields Layout,CRM-Feldlayout,
CRM Form Script,CRM-Formularskript,
CRM Global Settings,CRM-Globale Einstellungen,
CRM Industry,CRM-Branche,
CRM Lead Source,CRM-Lead-Quelle,
CRM Lead Status,CRM-Lead-Status,
CRM Lost Reason,CRM-Verlustgrund,
CRM Notification,CRM-Benachrichtigung,
CRM Portal Page,CRM-Portalseite,
CRM Product,CRM-Produkt,
CRM Products,CRM-Produkte,
CRM Rolling Response Time,CRM-Rollierendes Antwortzeit,
CRM Service Day,CRM-Servicetag,
CRM Service Level Agreement,CRM-Service-Level-Vereinbarung,
CRM Service Level Priority,CRM-Service-Level-Prioritaet,
CRM Status Change Log,CRM-Statusänderungsprotokoll,
CRM Telephony Agent,CRM-Telefonie-Agent,
CRM Telephony Phone,CRM-Telefonie-Telefon,
CRM Twilio Settings,CRM-Twilio-Einstellungen,
CRM View Settings,CRM-Ansichtseinstellungen,
"CRM currency for all monetary values. Once set, cannot be edited.","CRM-Währung für alle Geldbetraege. Einmal festgelegt, nicht mehr aenderbar.",
Calendar,Kalender,
Call Logs,Anrufprotokolle,
Call duration in seconds,Anrufdauer in Sekunden,
Call log,Anrufprotokoll,
Caller,Anrufer,
Calls,Anrufe,
Can't retry sync for this without source!,Synchronisierung kann ohne Quelle nicht erneut versucht werden!,
Cancel,Abbrechen,
Canceled,Abgebrochen,
Cannot change role of user with Admin access,Die Rolle eines Benutzers mit Administratorzugriff kann nicht geändert werden,
Cannot enable rule without adding users in it,Regel kann nicht ohne Benutzer aktiviert werden,
Capturing leads,Leads erfassen,
Change deal status,Deal-Status ändern,
Change image,Bild ändern,
Change status,Status ändern,
Choose how {0} are assigned among salespeople.,"Wählen Sie, wie {0} unter den Vertriebsmitarbeitern zugewiesen werden.",
Choose the days of the week when this rule should be active.,"Wählen Sie die Wochentage, an denen diese Regel aktiv sein soll.",
Choose the email service provider you want to configure.,"Wählen Sie den E-Mail-Dienstanbieter, den Sie konfigurieren möchten.",
Choose which {0} are affected by this un-assignment rule.,"Wählen Sie, welche {0} von dieser Aufhebungsregel betroffen sind.",
Clear,Zurücksetzen,
Close,Schliessen,
Closed,Geschlossen,
Closed Date,Abschlussdatum,
Columns,Spalten,
Comments,Kommentare,
Common reasons for losing deals,Haeufige Gründe für verlorene Deals,
Company in ERPNext Site,Firma in ERPNext-Website,
Completed,Abgeschlossen,
Compose,Verfassen,
Conditions for this rule were created from,Die Bedingungen für diese Regel wurden erstellt von,
Configure actions that appear on the home dropdown,"Aktionen konfigurieren, die im Start-Dropdown erscheinen",
Configure forecasting feature to help predict sales performance and growth,"Prognosefunktion konfigurieren, um Vertriebsleistung und Wachstum vorherzusagen",
Configure telephony settings for your CRM,Telefonie-Einstellungen für Ihr CRM konfigurieren,
Configure the currency and exchange rate provider for your CRM,Währung und Wechselkursanbieter für Ihr CRM konfigurieren,
Configure the exchange rate provider for your CRM,Wechselkursanbieter für Ihr CRM konfigurieren,
"Configure your brand name, logo, and favicon","Markenname, Logo und Favicon konfigurieren",
Confirm,Bestaetigen,
Confirm Delete,Löschen bestaetigen,
Confirm Remove,Entfernen bestaetigen,
Confirm overwrite,Ueberschreiben bestaetigen,
Connect your email,E-Mail verbinden,
Contact Support,Support kontaktieren,
Contact image updated,Kontaktbild aktualisiert,
Contact updated,Kontakt aktualisiert,
Contacts,Kontakte,
Content is required,Inhalt ist erforderlich,
Convert Lead to Deal,Interessent in Deal umwandeln,
Convert lead to deal,Lead in Deal umwandeln,
Convert to Deal,In Deal umwandeln,
Convert to deal,In Deal umwandeln,
Converted,Konvertiert,
Count,Anzahl,
Create,Erstellen,
Create New,Neu erstellen,
Create View,Ansicht erstellen,
Create an event,Termin erstellen,
Create event,Termin erstellen,
Create your first note,Erstellen Sie Ihre erste Notiz,
Created,Erstellt,
Created On,Erstellt am,
Creation,Erstellt am,
Currency,Währung,
Currency & Exchange rate provider,Währung & Wechselkursanbieter,
Currency set as {0} successfully,Währung erfolgreich auf {0} gesetzt,
Current pipeline distribution,Aktuelle Pipeline-Verteilung,
Custom Range,Benutzerdefinierter Bereich,
Custom actions,Benutzerdefinierte Aktionen,
Custom list actions,Benutzerdefinierte Listenaktionen,
Custom statuses,Benutzerdefinierte Status,
"Daily performance of leads, deals, and wins","Taegliche Performance von Leads, Deals und Wins",
Dashboard,Dashboard,
Data,Daten,
Date & Time,Datum & Uhrzeit,
Daten,Daten,
Day,Tag,
Deal,Deal,
Deal Value,Deal-Wert,
Deal generation channel analysis,Deal-Generierungskanal-Analyse,
Deal owner,Deal-Eigentuemer,
Deal value,Deal-Wert,
Deals,Deals,
Deals by ongoing & won stage,Deals nach laufender & gewonnener Phase,
Deals by salesperson,Deals nach Vertriebsmitarbeiter,
Deals by source,Deals nach Quelle,
Deals by stage,Deals nach Phasen,
Deals by territory,Deals nach Gebiet,
Declined,Abgelehnt,
Default calling medium for logged in user,Standard-Anrufmedium für angemeldeten Benutzer,
Default calling medium set successfully to {0},Standard-Anrufmedium erfolgreich auf {0} gesetzt,
Default calling medium updated successfully,Standard-Anrufmedium erfolgreich aktualisiert,
Default medium,Standardmedium,
"Default statuses, custom fields and layouts restored successfully.","Standardstatus, benutzerdefinierte Felder und Layouts erfolgreich wiederhergestellt.",
Delete,Löschen,
Delete & Restore,Löschen & Wiederherstellen,
Delete event,Termin löschen,
Delete invitation,Einladung löschen,
Deleted successfully,Erfolgreich gelöscht,
Descending,Absteigend,
Description,Beschreibung,
Description is required,Beschreibung ist erforderlich,
Details,Details,
Do Not Contact,Nicht kontaktieren,
Document,Dokument,
Document not found,Dokument nicht gefunden,
Done,Fertig,
Download,Herunterladen,
Draft saved,Entwurf gespeichert,
Drag and drop files here,Dateien hierher ziehen,
Due Date,Fälligkeitsdatum,
Duplicate Assignment Rule,Zuweisungsregel duplizieren,
Duplicate an event,Termin duplizieren,
Duplicate event,Termin duplizieren,
Duration,Dauer,
ERPNext Site API's,ERPNext-Website-APIs,
ERPNext Site URL,ERPNext-Website-URL,
ERPNext is not installed in the current site,ERPNext ist auf der aktuellen Seite nicht installiert,
Edit,Bearbeiten,
Edit Grid Row Fields Layout,Gitterzeilen-Feldlayout bearbeiten,
Edit Quick Entry Layout,Schnelleingabe-Layout bearbeiten,
Edit Task,Aufgabe bearbeiten,
Edit View,Ansicht bearbeiten,
Edit an event,Termin bearbeiten,
Edit call log,Anrufprotokoll bearbeiten,
Edit event,Termin bearbeiten,
Edit fields layout,Feldlayout bearbeiten,
Edit grid fields,Gitterfelder bearbeiten,
Edit note,Notiz bearbeiten,
Edit row,Zeile bearbeiten,
Edit task,Aufgabe bearbeiten,
Editing Row {0},Zeile {0} bearbeiten,
Editing event,Termin bearbeiten,
Email,E-Mail,
Email from Lead,E-Mail von Lead,
Emails,E-Mails,
Empty - Choose a field to filter by,Leer - Feld zum Filtern auswählen,
Empty - Choose a field to sort by,Leer - Feld zum Sortieren auswählen,
Enabled,Aktiviert,
End time should be after start time,Endzeit muss nach der Startzeit liegen,
Enter,Eingeben,
Enter Access Token,Zugriffstoken eingeben,
Enter Source Name,Quellname eingeben,
Enter access key,Zugriffsschlüssel eingeben,
Enter brand name,Markenname eingeben,
Enter your Facebook Access Token,Geben Sie Ihren Facebook-Zugriffstoken ein,
Error,Fehler,
Error creating Lead Sync Source,Fehler beim Erstellen der Lead-Sync-Quelle,
Error occurred,Fehler aufgetreten,
Error syncing lead,Fehler beim Synchronisieren des Leads,
Error syncing leads,Fehler beim Synchronisieren der Leads,
Error updating Lead Sync Source,Fehler beim Aktualisieren der Lead-Sync-Quelle,
Error updating field,Fehler beim Aktualisieren des Feldes,
"Error while creating customer in ERPNext, check error log for more details","Fehler beim Erstellen des Kunden in ERPNext, prüfen Sie das Fehlerprotokoll für weitere Details",
"Error while creating prospect in ERPNext, check error log for more details","Fehler beim Erstellen des Interessenten in ERPNext, prüfen Sie das Fehlerprotokoll für weitere Details",
"Error while fetching customer in ERPNext, check error log for more details","Fehler beim Abrufen des Kunden in ERPNext, prüfen Sie das Fehlerprotokoll für weitere Details",
Event ID is required,Termin-ID ist erforderlich,
Event details,Termindetails,
Event title,Terminname,
Events,Termine,
Every 10 Minutes,Alle 10 Minuten,
Every 15 Minutes,Alle 15 Minuten,
Every 5 Minutes,Alle 5 Minuten,
Exchange Rate Provider,Wechselkursanbieter,
Exchange rate provider,Wechselkursanbieter,
Exotel Exception,Exotel-Ausnahme,
Expected Closure Date,Erwartetes Abschlussdatum,
Expected Closure Date is required.,Erwartetes Abschlussdatum ist erforderlich.,
Expected Deal Value,Erwarteter Deal-Wert,
Expected Deal Value is required.,Erwarteter Deal-Wert ist erforderlich.,
FCRM Note,FCRM-Notiz,
FCRM Settings,FCRM-Einstellungen,
Facebook Form ID,Facebook-Formular-ID,
Facebook Lead Form,Facebook-Lead-Formular,
Facebook Lead Form Question,Facebook-Lead-Formular-Frage,
Facebook Lead ID,Facebook-Lead-ID,
Facebook Page,Facebook-Seite,
Failed,Fehlgeschlagen,
Failed Lead Sync Log,Fehlgeschlagenes Lead-Sync-Protokoll,
Failed to add users,Benutzer konnten nicht hinzugefuegt werden,
"Failed to create email account, Invalid credentials","E-Mail-Konto konnte nicht erstellt werden, ungültige Anmeldedaten",
Failed to create template,Vorlage konnte nicht erstellt werden,
Failed to delete Lead Sync Source,Lead-Sync-Quelle konnte nicht gelöscht werden,
Failed to delete template,Vorlage konnte nicht gelöscht werden,
Failed to fetch exchange rate from {0} to {1} on {2}. Please check your internet connection or try again later.,Wechselkurs von {0} nach {1} am {2} konnte nicht abgerufen werden. Bitte prüfen Sie Ihre Internetverbindung oder versuchen Sie es später erneut.,
Failed to load form controller: {0},Formular-Controller konnte nicht geladen werden: {0},
Failed to rename template,Vorlage konnte nicht umbenannt werden,
Failed to send WhatsApp template,WhatsApp-Vorlage konnte nicht gesendet werden,
"Failed to update email account, Invalid credentials","E-Mail-Konto konnte nicht aktualisiert werden, ungültige Anmeldedaten",
Failed to update password,Passwort konnte nicht aktualisiert werden,
Failed to update profile,Profil konnte nicht aktualisiert werden,
Failed to update source,Quelle konnte nicht aktualisiert werden,
Failed to update template,Vorlage konnte nicht aktualisiert werden,
Failure Logs,Fehlerprotokolle,
Fehler beim Status-Update,Fehler beim Status-Update,
Fields Order,Feldreihenfolge,
File,Datei,
"File ""{0}"" was skipped because only {1} uploads are allowed","Datei ""{0}"" wurde übersprungen, da nur {1} Uploads erlaubt sind",
"File ""{0}"" was skipped because only {1} uploads are allowed for DocType ""{2}""","Datei ""{0}"" wurde übersprungen, da nur {1} Uploads für DocType ""{2}"" erlaubt sind",
Files,Dateien,
Filter,Filter,
Filters,Filter,
First Name,Vorname,
First Responded On,Erste Antwort am,
First Response Due,Erste Antwort fällig,
First Response TIme,Erste Antwortzeit,
Forecasted,Prognostiziert,
Forecasted revenue,Voraussichtliche Einnahmen,
Forecasting disabled successfully,Prognose erfolgreich deaktiviert,
Forecasting enabled successfully,Prognose erfolgreich aktiviert,
Form Name,Formularname,
Form Script updated successfully,Formularskript erfolgreich aktualisiert,
Forward,Weiterleiten,
Frappe CRM mobile,Frappe CRM Mobil,
From (number),Von (Nummer),
From Type,Von Typ,
Funnel conversion,Umstellung des Trichters,
Gender,Geschlecht,
Geographic distribution of deals and revenue,Geografische Verteilung von Deals und Umsatz,
GitHub Repository,GitHub-Repository,
Go to invite page,Zur Einladungsseite gehen,
Go to website,Webseite öffnen,
Group By,Gruppieren nach,
Hang up,Auflegen,
Help,Hilfe,
Helpdesk CRM Settings,Helpdesk-CRM-Einstellungen,
Helpdesk Site API's,Helpdesk-Website-APIs,
Helpdesk Site URL,Helpdesk-Website-URL,
Helpdesk is not installed in the current site,Helpdesk ist auf der aktuellen Seite nicht installiert,
Helpdesk is not integrated with the CRM,Helpdesk ist nicht mit dem CRM integriert,
Helpdesk settings,Helpdesk-Einstellungen,
Helpdesk settings updated,Helpdesk-Einstellungen aktualisiert,
Hide,Ausblenden,
High,Hoch,
Home actions,Startseiten-Aktionen,
Hourly,Stuendlich,
"I understand, add conditions","Verstanden, Bedingungen hinzufügen",
"If enabled, all outgoing emails will be sent from this account. Note: Only one account can be default outgoing.","Wenn aktiviert, werden alle ausgehenden E-Mails von diesem Konto gesendet. Hinweis: Nur ein Konto kann als Standard für ausgehende E-Mails festgelegt werden.",
"If enabled, outgoing emails can be sent from this account.","Wenn aktiviert, können ausgehende E-Mails von diesem Konto gesendet werden.",
"If enabled, records can be created from the incoming emails on this account.","Wenn aktiviert, können Datensaetze aus eingehenden E-Mails in diesem Konto erstellt werden.",
In Progress,In Bearbeitung,
Incoming,Eingehend,
Incoming call...,Eingehender Anruf...,
Industry,Branche,
Info,Info,
Initiated,Eingeleitet,
Insert Email Template,E-Mail-Vorlage einfügen,
Insert Emoji,Emoji einfügen,
Integration,Integration,
Interested,Interessiert,
Invalid access token provided for Facebook.,Ungültiges Zugriffstoken für Facebook angegeben.,
Invalid chart name,Ungültiger Diagrammname,
Invalid email ID,Ungültige E-Mail-Adresse,
"Invalid fields, check if all are filled in and values are correct.","Ungültige Felder, prüfen Sie ob alle ausgefuellt und die Werte korrekt sind.",
Invalid page or not permitted to access,Ungültige Seite oder kein Zugriff erlaubt,
Invalid start or end time,Ungültige Start- oder Endzeit,
Invalid website URL,Ungültige Website-URL,
Invite New User,Neuen Benutzer einladen,
Invite agent,Agent einladen,
Invite as,Einladen als,
Invite by email,Per E-Mail einladen,
Invite users,Benutzer einladen,
Invite users to access CRM. Specify their roles to control access and permissions,"Benutzer einladen, um auf das CRM zuzugreifen. Rollen zuweisen, um Zugriff und Berechtigungen zu steuern",
Invite your team,Ihr Team einladen,
Is Group,Ist Gruppe,
Is Helpdesk installed on a different site?,Ist Helpdesk auf einer anderen Seite installiert?,
"It will make deal's ""Expected Closure Date"" & ""Expected Deal Value"" mandatory to get accurate forecasting insights","Die Felder ""Erwartetes Abschlussdatum"" und ""Erwarteter Deal-Wert"" des Deals werden Pflichtfelder für genaue Prognosen",
Job Title,Stellenbezeichnung,
Kanban,Kanban,
Kanban View,Kanban-Ansicht,
Kein Interesse,Kein Interesse,
Kontaktiert,Kontaktiert,
Kontaktiert aber nicht erreicht,Kontaktiert aber nicht erreicht,
Last,Letzter,
Last 30 Days,Letzte 30 Tage,
Last 60 Days,Letzte 60 Tage,
Last 7 Days,Letzte 7 Tage,
Last 90 Days,Letzte 90 Tage,
Last Modified,Zuletzt bearbeitet,
Last Name,Nachname,
Last Responded On,Letzte Antwort am,
Last Response Time,Letzte Antwortzeit,
Last Status Change Log,Letztes Statusänderungsprotokoll,
Last Synced At,Zuletzt synchronisiert am,
Last user assigned by this rule,Letzter durch diese Regel zugewiesener Benutzer,
Lead Data,Lead-Daten,
Lead Form,Lead-Formular,
Lead Owner,Eigentuemer des Leads,
Lead Sources,Lead-Quellen,
Lead Statuses,Lead-Status,
Lead Sync Source,Lead-Sync-Quelle,
Lead Sync Source created successfully,Lead-Sync-Quelle erfolgreich erstellt,
Lead Sync Source deleted successfully,Lead-Sync-Quelle erfolgreich gelöscht,
Lead erstellen,Lead erstellen,
Lead generation channel analysis,Lead-Generierungskanal-Analyse,
Lead sources,Lead-Quellen,
Lead sync initiated.,Lead-Synchronisierung gestartet.,
Lead to deal conversion pipeline,Pipeline für die Umwandlung von Leads in Geschaefte,
Leads,Interessenten,
Leads by source,Leads nach Quelle,
Learn about conditions,Ueber Bedingungen erfahren,
List,Liste,
List View,Listenansicht,
Load More,Mehr laden,
Loading...,Laden...,
Log ID,Protokoll-ID,
Log a call,Anruf protokollieren,
Login with different account,Mit anderem Konto anmelden,
Lost,Verloren,
Lost Notes,Verlustnotizen,
Lost deal reasons,Gründe für verlorene Deals,
Lost notes,Verlustnotizen,
"Lost notes are required when lost reason is ""Other""","Verlustnotizen sind erforderlich, wenn der Verlustgrund ""Sonstiges"" ist",
Lost reason,Verlustgrund,
Lost reason is required,Verlustgrund ist erforderlich,
Low,Niedrig,
Make a call,Anrufen,
Make {0} as default calling medium,{0} als Standard-Anrufmedium festlegen,
"Makes ""Expected Closure Date"" and ""Expected Deal Value"" mandatory for deal value forecasting","Macht ""Erwartetes Abschlussdatum"" und ""Erwarteter Deal-Wert"" für die Deal-Wert-Prognose zur Pflicht",
"Manage CRM users by adding or inviting them, and assign roles to control their access and permissions","CRM-Benutzer verwalten durch Hinzufügen oder Einladen, und Rollen zuweisen, um Zugriff und Berechtigungen zu steuern",
Manage your email accounts to send and receive emails directly from CRM. You can add multiple accounts and set one as default for incoming and outgoing emails.,"Verwalten Sie Ihre E-Mail-Konten, um E-Mails direkt aus dem CRM zu senden und zu empfangen. Sie können mehrere Konten hinzufügen und eines als Standard für ein- und ausgehende E-Mails festlegen.",
Manager,Manager,
Mandatory field error: {0},Pflichtfeldfehler: {0},
Mandatory field(s) {0} must be mapped,Pflichtfeld(er) {0} muessen zugeordnet werden,
Mandatory fields required: {0},Pflichtfelder erforderlich: {0},
Mapped to CRM Field,Zugeordnet zu CRM-Feld,
Mark all as read,Alle als gelesen markieren,
Mark as read,Als gelesen markieren,
Medium,Mittel,
Meine,Meine,
Meine Leads,Meine Leads,
Minimize,Minimieren,
Missed Call,Verpasster Anruf,
Mobile No,Mobilnummer,
Mobile No should be a number,Mobilnummer muss eine Zahl sein,
Mobile app installation,Mobile App Installation,
Mobile no,Mobilnr.,
Modified,Geaendert,
Month,Monat,
More Options,Weitere Optionen,
My Open Deals,Meine offenen Deals,
My views,Meine Ansichten,
Name,Name,
Name is required,Name ist erforderlich,
Negotiation,Verhandlung,
Nested conditions,Verschachtelte Bedingungen,
New,Neu,
New Assignment Rule,Neue Zuweisungsregel,
New Assignment Rule Name,Name der neuen Zuweisungsregel,
New Lead Sync Source,Neue Lead-Sync-Quelle,
New WhatsApp message,Neue WhatsApp-Nachricht,
New comment,Neuer Kommentar,
New email,Neue E-Mail,
New event,Neuer Termin,
New message,Neue Nachricht,
New note,Neue Notiz,
New organization will be created based on the data in details section,Neue Organisation wird basierend auf den Daten im Detailbereich erstellt,
New task,Neue Aufgabe,
New template,Neue Vorlage,
Next,Weiter,
Next Step,Nächster Schritt,
Nicht kontaktiert,Nicht kontaktiert,
No,Nein,
No Events Scheduled,Keine Termine geplant,
No Title,Kein Titel,
No WhatsApp messages found,Keine WhatsApp-Nachrichten gefunden,
No WhatsApp messages yet. Start a conversation now!,Noch keine WhatsApp-Nachrichten. Starten Sie jetzt eine Unterhaltung!,
No activities,Keine Aktivitäten,
No activities found,Keine Aktivitäten gefunden,
No attachments,Keine Anhänge,
No attachments found,Keine Anhänge gefunden,
No call history,Keine Anrufhistorie,
No comments,Keine Kommentare,
No comments found,Keine Kommentare gefunden,
No comments yet. Be the first to add one.,Noch keine Kommentare. Fügen Sie den ersten hinzu.,
No contacts added,Keine Kontakte hinzugefuegt,
No data,Keine Daten,
No data fields added yet,Noch keine Datenfelder hinzugefuegt,
No data fields have been added yet.,Es wurden noch keine Datenfelder hinzugefuegt.,
No details added,Keine Details hinzugefuegt,
No email set,Keine E-Mail-Adresse hinterlegt,
No email templates found,Keine E-Mail-Vorlagen gefunden,
No emails,Keine E-Mails,
No emails found,Keine E-Mails gefunden,
No emails found in your inbox. New messages will appear here soon.,Keine E-Mails im Posteingang. Neue Nachrichten erscheinen hier.,
No failure logs found,Keine Fehlerprotokolle gefunden,
No files have been attached yet. Upload files to see them here.,Noch keine Dateien angehaengt. Laden Sie Dateien hoch.,
No items in the list,Keine Eintraege in der Liste,
No label,Kein Label,
No lead sources found,Keine Lead-Quellen gefunden,
No mobile number set,Keine Mobilnummer hinterlegt,
No notes,Keine Notizen,
No notes found,Keine Notizen gefunden,
No phone number set,Keine Telefonnummer hinterlegt,
No primary contact set,Kein Hauptkontakt festgelegt,
No recent calls to display. Log a call or call someone now!,Keine aktuellen Anrufe. Protokollieren Sie einen Anruf oder rufen Sie jemanden an!,
No results found,Keine Ergebnisse gefunden,
No tasks,Keine Aufgaben,
No tasks found,Keine Aufgaben gefunden,
No templates found,Keine Vorlagen gefunden,
No users found,Keine Benutzer gefunden,
No website found,Keine Webseite gefunden,
No website set,Keine Webseite hinterlegt,
No {0} Available,Keine {0} vorhanden,
Normal,Normal,
Not Saved,Nicht gespeichert,
Not Synced,Nicht synchronisiert,
Not allowed to add contact to Deal,Kontakt darf dem Deal nicht hinzugefuegt werden,
Not allowed to convert Lead to Deal,Lead darf nicht in Deal umgewandelt werden,
Not allowed to remove contact from Deal,Kontakt darf nicht vom Deal entfernt werden,
Not allowed to set primary contact for Deal,Hauptkontakt für Deal darf nicht festgelegt werden,
Not implemented yet!,Noch nicht implementiert!,
Notes,Notizen,
Notes View,Notizenansicht,
Nothing here for now. Add a note to keep track of things.,Noch nichts hier. Fügen Sie eine Notiz hinzu.,
Nothing to do at the moment. Start organizing by adding one here.,Momentan nichts zu tun. Fügen Sie hier eine Aufgabe hinzu.,
Notification Text,Benachrichtigungstext,
Notification Type Doc,Benachrichtigungstyp-Dokument,
Notification Type Doctype,Benachrichtigungstyp-Doctype,
Notifications,Benachrichtigungen,
Number of deals,Anzahl der Deals,
Number of deals and total value per salesperson,Anzahl der Deals und Gesamtwert pro Vertriebsmitarbeiter,
OK,OK,
Old Condition,Alte Bedingung,
Ongoing deals,Laufende Angebote,
Only image files are allowed,Nur Bilddateien sind erlaubt,
Open,Offen,
Open Deal,Deal öffnen,
Open Lead,Lead öffnen,
Open nested conditions,Verschachtelte Bedingungen öffnen,
Optional,Optional,
Or create leads manually,Oder Leads manuell erstellen,
Organization,Firma,
Organization Name,Organisationsname,
Organizer,Organisator,
Other features,Weitere Funktionen,
Outgoing,Ausgehend,
Overdue,Überfällig,
Owner: {0},Eigentuemer: {0},
Password is required,Passwort ist erforderlich,
Password updated successfully,Passwort erfolgreich aktualisiert,
Pending,Ausstehend,
Pending Invites,Ausstehende Einladungen,
Person,Person,
Personal Settings,Persoenliche Einstellungen,
Phone,Telefon,
Pinned Views,Angepinnte Ansichten,
Pinned view,Angepinnte Ansicht,
Pinned views,Angepinnte Ansichten,
Please add an email account to continue.,"Bitte fügen Sie ein E-Mail-Konto hinzu, um fortzufahren.",
Please check your access token,Bitte prüfen Sie Ihr Zugriffstoken,
Please enter the Exchangerate Host access key.,Bitte geben Sie den Exchangerate-Host-Zugriffsschlüssel ein.,
Please provide a reason for marking this deal as lost,Bitte geben Sie einen Grund für die Markierung dieses Deals als verloren an,
Please select a currency before saving.,Bitte wählen Sie eine Währung vor dem Speichern.,
Please select a lead gen form before syncing!,Bitte wählen Sie ein Lead-Generierungsformular vor der Synchronisierung!,
Please specify a reason for losing the deal.,Bitte geben Sie einen Grund für den Verlust des Deals an.,
Please specify the reason for losing the deal.,Bitte geben Sie den Grund für den Verlust des Deals an.,
Preferences,Praeferenzen,
Previous,Zurück,
Primary Mobile No,Primaere Mobilnummer,
Primary contact set,Hauptkontakt festgelegt,
Priority,Prioritaet,
Product Code,Produktcode,
Product Name,Produktname,
Projected vs actual revenue based on deal probability,Prognostizierte und tatsächliche Einnahmen auf der Grundlage der Geschaeftswahrscheinlichkeit,
Proposal,Angebot,
Proposal/Price Quote,Angebot/Preisanfrage,
Public Views,Öffentliche Ansichten,
Public view,Öffentliche Ansicht,
Public views,Öffentliche Ansichten,
Qualification,Qualifizierung,
Queued,In Warteschlange,
Quick entry layout,Schnelleingabe-Layout,
Random,Zufällig,
Receiver,Empfänger,
Refresh,Aktualisieren,
Reject call,Anruf ablehnen,
Remove,Entfernen,
Remove and move fields to previous column,Felder entfernen und in vorherige Spalte verschieben,
Remove group,Gruppe entfernen,
Remove image,Bild entfernen,
Replied,Geantwortet,
Reply,Antworten,
Reply All,Allen antworten,
Required,Pflichtfeld,
Required Fields,Pflichtfelder,
Reset,Zurücksetzen,
Reset ERPNext Form Script,ERPNext-Formularskript zurücksetzen,
Reset to Default,Auf Standard zurücksetzen,
Responded On,Geantwortet am,
Response By,Antwort bis,
Response Time,Antwortzeit,
Response and Follow Up,Antwort und Nachverfolgung,
Restart the SLA each time the customer replies (status changes to Open) and fulfill it when marked as Replied,SLA bei jeder Kundenantwort neu starten (Status aendert sich auf Offen) und erfuellen wenn als Beantwortet markiert,
Restore Defaults,Standardwerte wiederherstellen,
Retake,Erneut aufnehmen,
Retry Sync,Sync erneut versuchen,
Revenue,Umsatz,
Ringing,Klingelt,
Rolling Response Due,Rollierende Antwort fällig,
Rolling Responses,Rollierende Antworten,
Route Name,Routenname,
Rows per page,Zeilen pro Seite,
Rueckruf geplant,Rückruf geplant,
SLA,SLA,
SLA Creation,SLA-Erstellung,
SLA Name,SLA-Name,
SLA Status,SLA-Status,
STATUS UPDATE,STATUSÄNDERUNG,
Sales User,Vertriebsbenutzer,
Sales trend,Umsatzentwicklung,
Sales user,Vertriebsbenutzer,
Salesperson,Vertriebsmitarbeiter,
Salutation,Anrede,
Save,Speichern,
Saved successfully,Erfolgreich gespeichert,
Saved view,Gespeicherte Ansicht,
Schedule an Event,Termin planen,
Schedule an event,Termin planen,
Search,Suchen,
Search by keyword,Nach Stichwort suchen,
Search template,Vorlage suchen,
Search user,Benutzer suchen,
See all participants,Alle Teilnehmer anzeigen,
Select,Auswählen,
Select All,Alle auswählen,
Select First Name...,Vorname auswählen...,
Select Industry...,Branche auswählen...,
Select Organization...,Firma auswählen...,
Select Range,Bereich auswählen,
Select Source Type,Quelltyp auswählen,
Select Source...,Quelle auswählen...,
Select Territory...,Gebiet auswählen...,
Select currency,Währung auswählen,
Select provider,Anbieter auswählen,
Select the assignees for {0}.,Wählen Sie die Zugewiesenen für {0} aus.,
Send,Senden,
Send Invites,Einladungen senden,
Send an email,E-Mail senden,
Send email,E-Mail senden,
Send invites to,Einladungen senden an,
Send template,Vorlage senden,
Sending...,Wird gesendet...,
Sent,Gesendet,
Service level agreement,Service-Level-Vereinbarung,
Set As Primary,Als Hauptkontakt festlegen,
Set currency,Währung festlegen,
Set first name,Vorname eingeben,
Setting up,Einrichtung,
Setting up Frappe Mail requires you to have an API key and API Secret of your email account. Read more ,Die Einrichtung von Frappe Mail erfordert einen API-Schlüssel und ein API-Secret Ihres E-Mail-Kontos. Mehr erfahren ,
Settings,Einstellungen,
Setup Email,E-Mail einrichten,
"Setup the Exchange Rate Provider as 'Exchangerate Host' in settings, as default provider does not support currency conversion for {0} to {1}.","Richten Sie den Wechselkursanbieter als 'Exchangerate Host' in den Einstellungen ein, da der Standardanbieter keine Währungsumrechnung von {0} nach {1} unterstützt.",
Setup your password,Passwort einrichten,
Show,Anzeigen,
Showing,Zeige,
"Simple Python Expression, Example: doc.status == 'Open' and doc.lead_source == 'Ads'","Einfacher Python-Ausdruck, Beispiel: doc.status == 'Open' and doc.lead_source == 'Ads'",
"Since you removed {0} from the assignee, the {0} has also been removed.","Da Sie {0} als Zugewiesenen entfernt haben, wurde {0} ebenfalls entfernt.",
"Since you removed {0} from the assignee, the {0} has been changed to the next available assignee {1}.","Da Sie {0} als Zugewiesenen entfernt haben, wurde {0} auf den nächsten verfügbaren Zugewiesenen {1} geändert.",
Some error occurred while renaming assignment rule,Beim Umbenennen der Zuweisungsregel ist ein Fehler aufgetreten,
Some error occurred while updating assignment rule,Beim Aktualisieren der Zuweisungsregel ist ein Fehler aufgetreten,
Sort,Sortieren,
Sort by,Sortieren nach,
Source,Quelle,
Source Name,Quellname,
Source Type,Quelltyp,
Source disabled successfully,Quelle erfolgreich deaktiviert,
Source enabled successfully,Quelle erfolgreich aktiviert,
"Standard Form Scripts can not be modified, duplicate the Form Script instead.",Standard-Formularskripte können nicht geändert werden. Duplizieren Sie stattdessen das Formularskript.,
Start and end time are required,Start- und Endzeit sind erforderlich,
Start with sample 10 leads,Mit 10 Beispiel-Leads starten,
Status,Status,
Status Update,Statusänderung,
Status Updates,Status-Updates,
Status aktualisiert,Status aktualisiert,
Subject,Betreff,
Subject is required,Betreff ist erforderlich,
Submit,Absenden,
Success,Erfolg,
Support / Sales,Support / Vertrieb,
Switch camera,Kamera wechseln,
Sync Now,Jetzt synchronisieren,
Sync successful!,Synchronisierung erfolgreich!,
"Sync your contacts,email and calenders","Kontakte, E-Mails und Kalender synchronisieren",
Synced,Synchronisiert,
Syncing started in background,Synchronisierung im Hintergrund gestartet,
Take a note...,Notiz erstellen...,
Tasks,Aufgaben,
Telegram Channel,Telegram-Kanal,
Telephony Medium,Telefonie-Medium,
Telephony settings,Telefonie-Einstellungen,
Template created successfully,Vorlage erfolgreich erstellt,
Template deleted successfully,Vorlage erfolgreich gelöscht,
Template disabled successfully,Vorlage erfolgreich deaktiviert,
Template enabled successfully,Vorlage erfolgreich aktiviert,
Template name,Vorlagenname,
Template renamed successfully,Vorlage erfolgreich umbenannt,
Template updated successfully,Vorlage erfolgreich aktualisiert,
Termin vereinbart,Termin vereinbart,
Territories,Gebiete,
Territory,Gebiet,
The Condition '{0}' is invalid: {1},Die Bedingung '{0}' ist ungültig: {1},
The rate used to convert the deal's currency to your crm's base currency (set in CRM Settings). It is set once when the currency is first added and doesn't change automatically.,Der Kurs zur Umrechnung der Deal-Währung in die CRM-Basiswährung (in CRM-Einstellungen festgelegt). Er wird einmalig beim ersten Hinzufügen der Währung gesetzt und aendert sich nicht automatisch.,
The rate used to convert the organization's currency to your crm's base currency (set in CRM Settings). It is set once when the currency is first added and doesn't change automatically.,Der Kurs zur Umrechnung der Organisationswährung in die CRM-Basiswährung (in CRM-Einstellungen festgelegt). Er wird einmalig beim ersten Hinzufügen der Währung gesetzt und aendert sich nicht automatisch.,
There are no activities to display here. Go ahead and make some changes.,"Hier gibt es keine Aktivitäten. Nehmen Sie Änderungen vor, um den Verlauf zu sehen.",
There can only be one default priority in Priorities table,In der Prioritaetentabelle kann es nur eine Standardprioritaet geben,
These fields are required: {0},Diese Felder sind erforderlich: {0},
This Month,Dieser Monat,
This Quarter,Dieses Quartal,
This Week,Diese Woche,
This Year,Dieses Jahr,
This field is read only and cannot be edited.,Dieses Feld ist schreibgeschuetzt und kann nicht bearbeitet werden.,
This section is not editable,Dieser Bereich ist nicht bearbeitbar,
"This will delete selected items and items linked to it, are you sure?",Dies loescht die ausgewählten Elemente und damit verknüpfte Elemente. Sind Sie sicher?,
"This will delete selected items and unlink linked items to it, are you sure?",Dies loescht die ausgewählten Elemente und loest die Verknuepfung. Sind Sie sicher?,
"This will restore (if not exist) all the default statuses, custom fields and layouts. Delete & Restore will delete default layouts and then restore them.","Dies stellt alle Standardstatus, benutzerdefinierten Felder und Layouts wieder her (falls nicht vorhanden). Löschen & Wiederherstellen loescht Standard-Layouts und stellt sie dann wieder her.",
Title,Titel,
Title is required,Titel ist erforderlich,
To,An,
To (number),An (Nummer),
To Type,Zu Typ,
"To know more about setting up email accounts, click","Um mehr ueber die Einrichtung von E-Mail-Konten zu erfahren, klicken Sie",
Today,Heute,
Todo,Aufgabe,
Toggle on for preview,Für Vorschau aktivieren,
Tomorrow,Morgen,
Total after discount,Gesamt nach Rabatt,
Total leads,Leads gesamt,
Total number of leads,Gesamtanzahl der Leads,
Total number of non won/lost deals,Gesamtanzahl der laufenden Deals,
Total number of won deals based on its closure date,Gesamtanzahl der gewonnenen Deals basierend auf dem Abschlussdatum,
Turn into a group,In Gruppe umwandeln,
TwiML SID,TwiML-SID,
Twilio,Twilio,
Twilio API credential creation error.,Fehler bei der Erstellung der Twilio-API-Anmeldedaten.,
Twilio Number,Twilio-Nummer,
Twilio is not enabled,Twilio ist nicht aktiviert,
Twilio settings updated successfully,Twilio-Einstellungen erfolgreich aktualisiert,
Type,Typ,
Type an email address to add attendee,"E-Mail-Adresse eingeben, um Teilnehmer hinzuzufügen",
Type here...,Hier eingeben...,
Type your message here...,Nachricht hier eingeben...,
Unassign,Zuweisung aufheben,
Unassign conditions are invalid,Aufhebungsbedingungen sind ungültig,
Unassignment condition,Aufhebungsbedingung,
Unauthorized request,Nicht autorisierte Anfrage,
Unbekannte Nummer,Unbekannte Nummer,
Uncollapsible,Nicht einklappbar,
Ungroup conditions,Bedingungen aufheben,
Unlink all,Alle lösen,
Unlink and delete,Loesen und löschen,
Unlink and delete {0} items,{0} Elemente lösen und löschen,
Unlink linked item,Verknüpftes Element lösen,
Unlink {0} item(s),{0} Element(e) lösen,
Unpin View,Ansicht lospinnen,
Unsaved,Nicht gespeichert,
Unsaved changes,Nicht gespeicherte Änderungen,
Untitled,Ohne Titel,
Update,Aktualisieren,
Update Account,Konto aktualisieren,
Update {0} Records,{0} Datensaetze aktualisieren,
Upload,Hochladen,
Upload attachment,Anhang hochladen,
Upload image,Bild hochladen,
Urgent,Dringend,
User with email {0} already exists,Benutzer mit E-Mail {0} existiert bereits,
User with email {0} already invited,Benutzer mit E-Mail {0} bereits eingeladen,
User {0} has been removed,Benutzer {0} wurde entfernt,
Users added successfully,Benutzer erfolgreich hinzugefuegt,
Users are required,Benutzer sind erforderlich,
View Name,Ansichtsname,
View contact,Kontakt anzeigen,
Warning,Warnung,
Web form,Webformular,
Webhook Verify Token,Webhook-Verifizierungstoken,
Website,Webseite,
Week,Woche,
Welcome Message,Willkommensnachricht,
Welcome to Helpdesk,Willkommen beim Helpdesk,
"Welcome {0}, lets add your first lead","Willkommen {0}, lassen Sie uns Ihren ersten Lead hinzufügen",
WhatsApp,WhatsApp,
WhatsApp Templates,WhatsApp-Vorlagen,
Where,Wo,
"Width can be in number, pixel or rem (eg. 3, 30px, 10rem)","Breite kann als Zahl, Pixel oder Rem angegeben werden (z.B. 3, 30px, 10rem)",
Won,Gewonnen,
Won deals,Gewonnene Geschaefte,
Yes,Ja,
Yesterday,Gestern,
You,Sie,
You can change the default calling medium from the settings,Sie können das Standard-Anrufmedium in den Einstellungen ändern,
You can get your access key from ,Sie können Ihren Zugriffsschlüssel erhalten von ,
You can invite multiple users by comma separating their email addresses,"Sie können mehrere Benutzer einladen, indem Sie die E-Mail-Adressen durch Kommas trennen",
You do not have Exotel Number set in your Telephony Agent,In Ihrem Telefonie-Agenten ist keine Exotel-Nummer festgelegt,
You do not have enough permissions to access Frappe CRM. Please contact your administrator if you believe this is an error.,"Sie haben nicht genuegend Berechtigungen, um auf Frappe CRM zuzugreifen. Bitte kontaktieren Sie Ihren Administrator, wenn Sie glauben, dass dies ein Fehler ist.",
You do not have mobile number set in your Telephony Agent,In Ihrem Telefonie-Agenten ist keine Mobilnummer festgelegt,
You do not have permission to access Frappe CRM,"Sie haben keine Berechtigung, auf Frappe CRM zuzugreifen",
You do not have permission to access this document,"Sie haben keine Berechtigung, auf dieses Dokument zuzugreifen",
You need to be in developer mode to edit a Standard Form Script,"Sie muessen sich im Entwicklermodus befinden, um ein Standard-Formularskript zu bearbeiten",
"You will be redirected to invite user page, unsaved changes will be lost.","Sie werden zur Benutzereinladungsseite weitergeleitet, nicht gespeicherte Änderungen gehen verloren.",
You will need a Meta developer account and an access token to sync leads from Facebook. Read more ,"Sie benoetigen ein Meta-Entwicklerkonto und ein Zugriffstoken, um Leads von Facebook zu synchronisieren. Mehr erfahren ",
Your assignment on task {0} has been removed by {1},Ihre Zuweisung zur Aufgabe {0} wurde von {1} entfernt,
Your old condition will be overwritten. Are you sure you want to save?,"Ihre alte Bedingung wird ueberschrieben. Sind Sie sicher, dass Sie speichern möchten?",
actual,Tatsächlich,
added,hinzugefuegt,
added a,hat hinzugefuegt,
ago,vor,
amber,Bernstein,
as,als,
assigned a new task {0} to you,hat Ihnen eine neue Aufgabe {0} zugewiesen,
assigned a {0} {1} to you,hat Ihnen {0} {1} zugewiesen,
changed,geändert,
changes from,Änderungen von,
converted the lead to this deal,hat den Interessenten in diesen Deal umgewandelt,
created this deal,hat diesen Deal erstellt,
created this lead,hat diesen Interessenten erstellt,
day ago,vor einem Tag,
days,Tage,
days ago,vor Tagen,
email already exists,E-Mail existiert bereits,
forecasted,Prognostiziert,
from,von,
group_by,Gruppieren nach,
has created an event,hat einen Termin erstellt,
has made a call,hat angerufen,
has reached out,hat sich gemeldet,
here,hier,
hour ago,vor einer Stunde,
hours ago,vor Stunden,
in 1 hour,in 1 Stunde,
in 1 minute,in 1 Minute,
in 1 year,in 1 Jahr,
in {0} M,in {0} M,
in {0} d,in {0} T,
in {0} days,in {0} Tagen,
in {0} h,in {0} Std,
in {0} hours,in {0} Stunden,
in {0} m,in {0} Min,
in {0} minutes,in {0} Minuten,
in {0} months,in {0} Monaten,
in {0} w,in {0} W,
in {0} weeks,in {0} Wochen,
in {0} y,in {0} J,
in {0} years,in {0} Jahren,
just now,gerade eben,
mentioned you in {0},hat Sie in {0} erwaehnt,
minute ago,vor einer Minute,
minutes ago,vor Minuten,
month ago,Monat her,
months ago,Monaten her,
of,von,
received a whatsapp message in {0},hat eine WhatsApp-Nachricht in {0} erhalten,
removed,entfernt,
required,erforderlich,
results,Ergebnisse,
seconds ago,Sekunden her,
teal,Blaugruen,
to,zu,
value,Wert,
week ago,Woche her,
weeks ago,Wochen her,
"which are not compatible with this UI, you will need to recreate the conditions here if you want to manage and add new conditions from this UI.","die nicht mit dieser Oberflaeche kompatibel sind. Sie muessen die Bedingungen hier neu erstellen, wenn Sie Bedingungen von dieser Oberflaeche aus verwalten und hinzufügen möchten.",
year ago,Jahr her,
years ago,Jahren her,
{0} Attendees,{0} Teilnehmer,
{0} assigned a {1} {2} to you,{0} hat Ihnen {1} {2} zugewiesen,
{0} has been granted {1} access,{0} hat {1}-Zugriff erhalten,
{0} hrs,{0} Std,
{0} is an invalid email address,{0} ist eine ungültige E-Mail-Adresse,
{0} mins,{0} Min,
Last Name,Nachname,
Backlog,Backlog,
Todo,To-do,
In Progress,In Bearbeitung,
Done,Erledigt,
Canceled,Abgebrochen,
Low,Niedrig,
Medium,Mittel,
High,Hoch,
Toggle theme,Design wechseln,
Week,Woche,
Month,Monat,
Day,Tag,
Today,Heute,
January,Januar,
February,Februar,
March,März,
April,April,
May,Mai,
June,Juni,
July,Juli,
August,August,
September,September,
October,Oktober,
November,November,
December,Dezember,
Monday,Montag,
Tuesday,Dienstag,
Wednesday,Mittwoch,
Thursday,Donnerstag,
Friday,Freitag,
Saturday,Samstag,
Sunday,Sonntag,
Mon,Mo,
Tue,Di,
Wed,Mi,
Thu,Do,
Fri,Fr,
Sat,Sa,
Sun,So,
(No title),(Kein Titel),
Start Time,Startzeit,
End Time,Endzeit,
May 1\, 2025,1. Mai 2025,
1. Mai 2025,1. Mai 2025,
Close panel,Panel schließen,
New Event,Neuer Termin,
Edit Event,Termin bearbeiten,
Create Event,Termin erstellen,
